name,TIC,date,sigma_cat_days,sigma_new_days
Target A,119584412,2025-10-03,0.0015,
Target A,119584412,2025-10-05,0.0015000005190474999,
Target A,119584412,2025-10-08,0.0015000032440439265,
Target A,119584412,2025-10-11,0.001500008304738443,
Target A,119584412,2025-10-13,0.0015000129761336114,
Target A,119584412,2025-10-16,0.0015000219296003548,
Target A,119584412,2025-10-19,0.0015000332186779026,
Target A,119584412,2025-10-22,0.0015000468433135226,
Target A,119584412,2025-10-24,0.0015000572239052198,
Target A,119584412,2025-10-27,0.0015000747409908194,
Target A,119584412,2025-10-30,0.001500094593440551,
Target A,119584412,2025-11-02,0.0015001167811616962,
Target A,119584412,2025-11-04,0.0015001328702980792,
Target A,119584412,2025-11-07,0.001500158949902601,
Target A,119584412,2025-11-10,0.001500187364478002,
Target A,119584412,2025-11-13,0.0015002181138916073,
Target A,119584412,2025-11-15,0.0015002399105625644,
Target A,119584412,2025-11-18,0.001500274551048765,
Target A,119584412,2025-11-21,0.0015003115259661355,
Target A,119584412,2025-11-24,0.0015003508351420854,
Target A,119584412,2025-11-26,0.0015003783379795535,
Target A,119584412,2025-11-29,0.0015004215371733941,
Target A,119584412,2025-12-02,0.0015004670701124075,
Target A,119584412,2025-12-05,0.0015005149365841426,
Target A,119584412,2025-12-07,0.001500548143862536,
Target A,119584412,2025-12-10,0.001500599899053864,
Target A,119584412,2025-12-13,0.0015006539871582957,
Target A,119584412,2025-12-16,0.0015007104079235848,
Target A,119584412,2025-12-18,0.001500749317560336,
Target A,119584412,2025-12-21,0.0015008096255037348,
Target A,119584412,2025-12-24,0.0015008722653823562,
Target A,119584412,2025-12-27,0.0015009372369042381,
Target A,119584412,2025-12-29,0.0015009818464604514,
Target A,119584412,2026-01-01,0.0015010507033762562,
Target A,119584412,2026-01-04,0.001501121891103897,
Target A,119584412,2026-01-07,0.0015011954093117875,
Target A,119584412,2026-01-09,0.0015012457159930004,
Target A,119584412,2026-01-12,0.0015013231175684816,
Target A,119584412,2026-01-15,0.0015014028486872578,
Target A,119584412,2026-01-18,0.0015014849089782217,
Target A,119584412,2026-01-20,0.00150154090963528,
Target A,119584412,2026-01-23,0.0015016268510259913,
Target A,119584412,2026-01-26,0.001501715120546698,
Target A,119584412,2026-01-29,0.0015018057177868885,
Target A,119584412,2026-01-31,0.0015018674089169294,
Target A,119584412,2026-02-03,0.0015019618847482191,
Target A,119584412,2026-02-06,0.001502058687151888,
Target A,119584412,2026-02-09,0.001502157815678147,
Target A,119584412,2026-02-11,0.0015022251934256915,
Target A,119584412,2026-02-14,0.0015023281977943799,
Target A,119584412,2026-02-17,0.0015024335270339988,
Target A,119584412,2026-02-20,0.0015025411806556224,
Target A,119584412,2026-02-22,0.001502614240813776,
Target A,119584412,2026-02-25,0.0015027257672899919,
Target A,119584412,2026-02-28,0.0015028396167923867,
Target A,119584412,2026-03-03,0.00150295578879305,
Target A,119584412,2026-03-05,0.001503034526804811,
Target A,119584412,2026-03-08,0.0015031545684339913,
Target A,119584412,2026-03-11,0.0015032769311018688,
Target A,119584412,2026-03-14,0.001503401614241712,
Target A,119584412,2026-03-16,0.001503486025201386,
Target A,119584412,2026-03-19,0.0015036145745064326,
Target A,119584412,2026-03-22,0.001503745442720581,
Target A,119584412,2026-03-25,0.0015038786292384538,
Target A,119584412,2026-03-27,0.0015039687078931736,
Target A,119584412,2026-03-30,0.00150410575687677,
Target A,119584412,2026-04-02,0.0015042451224984172,
Target A,119584412,2026-04-05,0.001504386804114279,
Target A,119584412,2026-04-07,0.001504482544865629,
Target A,119584412,2026-04-10,0.0015046280850127118,
Target A,119584412,2026-04-13,0.00150477593938604,
Target A,119584412,2026-04-16,0.0015049261073035167,
Target A,119584412,2026-04-18,0.0015050275042092606,
Target A,119584412,2026-04-21,0.0015051815264896448,
Target A,119584412,2026-04-24,0.0015053378604444577,
Target A,119584412,2026-04-27,0.0015054965053535516,
Target A,119584412,2026-04-29,0.001505603552129461,
Target A,119584412,2026-05-02,0.00150576604700062,
Target A,119584412,2026-05-05,0.001505930850855163,
Target A,119584412,2026-05-08,0.0015060979629351124,
Target A,119584412,2026-05-10,0.0015062106529568973,
Target A,119584412,2026-05-13,0.001506381610366891,
Target A,119584412,2026-05-16,0.0015065548739308205,
Target A,119584412,2026-05-18,0.0015066716637776153,
Target A,119584412,2026-05-21,0.0015068487691584497,
Target A,119584412,2026-05-24,0.0015070281785490012,
Target A,119584412,2026-05-27,0.001507209891126503,
Target A,119584412,2026-05-29,0.001507332311982237,
Target A,119584412,2026-06-01,0.0015075178613486889,
Target A,119584412,2026-06-04,0.0015077057116584097,
Target A,119584412,2026-06-07,0.0015078958620514608,
Target A,119584412,2026-06-09,0.0015080239063750027,
Target A,119584412,2026-06-12,0.0015082178883018902,
Target A,119584412,2026-06-15,0.001508414167969647,
Target A,119584412,2026-06-18,0.0015086127444814224,
Target A,119584412,2026-06-20,0.0015087464043996356,
Target A,119584412,2026-06-23,0.0015089488069645702,
Target A,119584412,2026-06-26,0.0015091535039329928,
Target A,119584412,2026-06-29,0.0015093604943714138,
Target A,119584412,2026-07-01,0.0015094997616815421,
Target A,119584412,2026-07-04,0.0015097105724685396,
Target A,119584412,2026-07-07,0.0015099236741876712,
Target A,119584412,2026-07-10,0.0015101390658690897,
Target A,119584412,2026-07-12,0.0015102839320412355,
Target A,119584412,2026-07-15,0.0015105031381444625,
Target A,119584412,2026-07-18,0.0015107246315755436,
Target A,119584412,2026-07-21,0.0015109484113285645,
Target A,119584412,2026-07-23,0.0015110988675082566,
Target A,119584412,2026-07-26,0.0015113264555359149,
Target A,119584412,2026-07-29,0.0015115563271553018,
Target A,119584412,2026-08-01,0.0015117884813247383,
Target A,119584412,2026-08-03,0.0015119445183355885,
Target A,119584412,2026-08-06,0.001512180474413928,
Target A,119584412,2026-08-09,0.0015124187102171435,
Target A,119584412,2026-08-12,0.0015126592246681014,
Target A,119584412,2026-08-14,0.0015128208330145486,
Target A,119584412,2026-08-17,0.0015130651427920118,
Target A,119584412,2026-08-20,0.0015133117282979235,
Target A,119584412,2026-08-23,0.0015135605884200156,
Target A,119584412,2026-08-25,0.0015137277582901521,
Target A,119584412,2026-08-28,0.0015139804069416452,
Target A,119584412,2026-08-31,0.0015142353271967695,
Target A,119584412,2026-09-03,0.0015144925179084525,
Target A,119584412,2026-09-05,0.0015146652391769357,
Target A,119584412,2026-09-08,0.0015149262114082208,
Target A,119584412,2026-09-11,0.0015151894509911508,
Target A,119584412,2026-09-14,0.0015154549567441861,
Target A,119584412,2026-09-16,0.0015156332189752298,
Target A,119584412,2026-09-19,0.0015159024990274406,
Target A,119584412,2026-09-22,0.0015161740420533921,
Target A,119584412,2026-09-25,0.0015164478468374246,
Target A,119584412,2026-09-27,0.001516631639287869,
Target A,119584412,2026-09-30,0.0015169092109421423,
Target A,119584412,2026-10-03,0.0015171890410676171,
Target A,119584412,2026-10-06,0.0015174711284148693,
Target A,119584412,2026-10-08,0.001517660440037329,
Target A,119584412,2026-10-11,0.001517946286619551,
Target A,119584412,2026-10-14,0.0015182343870471149,
Target A,119584412,2026-10-17,0.0015185247400371952,
Target A,119584412,2026-10-19,0.00151871955948328,
Target A,119584412,2026-10-22,0.0015190136638689445,
Target A,119584412,2026-10-25,0.0015193100173521135,
Target A,119584412,2026-10-28,0.0015196086186169333,
Target A,119584412,2026-10-30,0.0015198089342405429,
Target A,119584412,2026-11-02,0.0015201112788597166,
Target A,119584412,2026-11-05,0.0015204158677079537,
Target A,119584412,2026-11-08,0.0015207226994367498,
Target A,119584412,2026-11-10,0.001520928499297439,
Target A,119584412,2026-11-13,0.0015212390661398325,
Target A,119584412,2026-11-16,0.0015215518722236445,
Target A,119584412,2026-11-19,0.0015218669161681073,
Target A,119584412,2026-11-21,0.0015220781880345188,
Target A,119584412,2026-11-24,0.001522396958654659,
Target A,119584412,2026-11-27,0.001522717963410797,
Target A,119584412,2026-11-30,0.0015230412008902954,
Target A,119584412,2026-12-02,0.0015232579322436587,
Target A,119584412,2026-12-05,0.0015235848877661591,
Target A,119584412,2026-12-08,0.0015239140722029146,
Target A,119584412,2026-12-11,0.0015242454841098202,
Target A,119584412,2026-12-13,0.0015244676621475144,
Target A,119584412,2026-12-16,0.0015248027832724406,
Target A,119584412,2026-12-19,0.0015251401279750376,
Target A,119584412,2026-12-21,0.0015253662590362326,
Target A,119584412,2026-12-24,0.0015257073064193168,
Target A,119584412,2026-12-27,0.0015260505734276445,
Target A,119584412,2026-12-30,0.0015263960585637192,
Target A,119584412,2027-01-01,0.0015266276135376914,
Target A,119584412,2027-01-04,0.0015269767922030004,
Target A,119584412,2027-01-07,0.0015273281849621585,
Target A,119584412,2027-01-10,0.0015276817902873286,
Target A,119584412,2027-01-12,0.0015279187556159137,
Target A,119584412,2027-01-15,0.001528276045133647,
Target A,119584412,2027-01-18,0.001528635543103149,
Target A,119584412,2027-01-21,0.0015289972479666653,
Target A,119584412,2027-01-23,0.001529239609821651,
Target A,119584412,2027-01-26,0.0015296049893582383,
Target A,119584412,2027-01-29,0.0015299725715953918,
Target A,119584412,2027-02-01,0.001530342354945871,
Target A,119584412,2027-02-03,0.001530590099232831,
Target A,119584412,2027-02-06,0.0015309635475566979,
Target A,119584412,2027-02-09,0.001531339192722393,
Target A,119584412,2027-02-12,0.0015317170331136264,
Target A,119584412,2027-02-14,0.0015319701454758045,
Target A,119584412,2027-02-17,0.0015323516409632163,
Target A,119584412,2027-02-20,0.0015327353273277887,
Target A,119584412,2027-02-23,0.0015331212029246236,
Target A,119584412,2027-02-25,0.0015333796687468655,
Target A,119584412,2027-02-28,0.00153376918938784,
Target A,119584412,2027-03-03,0.0015341608948370034,
Target A,119584412,2027-03-06,0.0015345547834212949,
Target A,119584412,2027-03-08,0.001534818587834026,
Target A,119584412,2027-03-11,0.001535216111238317,
Target A,119584412,2027-03-14,0.0015356158132791631,
Target A,119584412,2027-03-17,0.0015360176922557922,
Target A,119584412,2027-03-19,0.001536286820139039,
Target A,119584412,2027-03-22,0.0015366923235421812,
Target A,119584412,2027-03-25,0.0015370999993092427,
Target A,119584412,2027-03-28,0.0015375098457121954,
Target A,119584412,2027-03-30,0.0015377842816996484,
Target A,119584412,2027-04-02,0.0015381977419690659,
Target A,119584412,2027-04-05,0.0015386133682304406,
Target A,119584412,2027-04-08,0.001539031158728948,
Target A,119584412,2027-04-10,0.0015393108872120624,
Target A,119584412,2027-04-13,0.0015397322808532324,
Target A,119584412,2027-04-16,0.0015401558340167618,
Target A,119584412,2027-04-19,0.0015405815449214932,
Target A,119584412,2027-04-21,0.0015408665500536275,
Target A,119584412,2027-04-24,0.0015412958532162993,
Target A,119584412,2027-04-27,0.0015417273093358017,
Target A,119584412,2027-04-30,0.0015421609166051122,
Target A,119584412,2027-05-02,0.0015424511823056986,
Target A,119584412,2027-05-05,0.001542888370790162,
Target A,119584412,2027-05-08,0.0015433277055717147,
Target A,119584412,2027-05-11,0.001543769184817939,
Target A,119584412,2027-05-13,0.0015440646947766877,
Target A,119584412,2027-05-16,0.0015445097440400888,
Target A,119584412,2027-05-19,0.0015449569328483542,
Target A,119584412,2027-05-22,0.0015454062593441462,
Target A,119584412,2027-05-24,0.0015457069970252779,
Target A,119584412,2027-05-27,0.001546159882187977,
Target A,119584412,2027-05-30,0.001546614900052574,
Target A,119584412,2027-06-02,0.001547072048737287,
Target A,119584412,2027-06-04,0.001547377997383793,
Target A,119584412,2027-06-07,0.0015478386932357632,
Target A,119584412,2027-06-10,0.0015483015148576751,
Target A,119584412,2027-06-13,0.0015487664603437816,
Target A,119584412,2027-06-15,0.001549077602981707,
Target A,119584412,2027-06-18,0.0015495460839889694,
Target A,119584412,2027-06-21,0.0015500166837469872,
Target A,119584412,2027-06-24,0.0015504894003265303,
Target A,119584412,2027-06-26,0.0015508057197692825,
Target A,119584412,2027-06-29,0.001551281960080373,
Target A,119584412,2027-07-02,0.001551760312037572,
Target A,119584412,2027-07-05,0.0015522407736886503,
Target A,119584412,2027-07-07,0.0015525622525413253,
Target A,119584412,2027-07-10,0.0015530462259937903,
Target A,119584412,2027-07-13,0.001553532303904034,
Target A,119584412,2027-07-16,0.001554020484297313,
Target A,119584412,2027-07-18,0.0015543471049610388,
Target A,119584412,2027-07-21,0.0015548387850879608,
Target A,119584412,2027-07-24,0.0015553325624024295,
Target A,119584412,2027-07-26,0.00155566291139712,
Target A,119584412,2027-07-29,0.001556160179583975,
Target A,119584412,2027-08-01,0.0015566595396205153,
Target A,119584412,2027-08-04,0.0015571609894942584,
Target A,119584412,2027-08-06,0.001557496449434299,
Target A,119584412,2027-08-09,0.0015580013778820595,
Target A,119584412,2027-08-12,0.0015585083907720234,
Target A,119584412,2027-08-15,0.0015590174860705271,
Target A,119584412,2027-08-17,0.0015593580388229738,
Target A,119584412,2027-08-20,0.0015598706002676824,
Target A,119584412,2027-08-23,0.001560385238670101,
Target A,119584412,2027-08-26,0.001560901951975874,
Target A,119584412,2027-08-28,0.0015612475792201289,
Target A,119584412,2027-08-31,0.001561767746117848,
Target A,119584412,2027-09-03,0.0015622899824135697,
Target A,119584412,2027-09-06,0.0015628142860327388,
Target A,119584412,2027-09-08,0.0015631649692649501,
Target A,119584412,2027-09-11,0.0015636927137983613,
Target A,119584412,2027-09-14,0.0015642225200966564,
Target A,119584412,2027-09-17,0.0015647543860655715,
Target A,119584412,2027-09-19,0.0015651101066030371,
Target A,119584412,2027-09-22,0.0015656454006880499,
Target A,119584412,2027-09-25,0.0015661827488332183,
Target A,119584412,2027-09-28,0.0015667221489250626,
Target A,119584412,2027-09-30,0.0015670828879106387,
Target A,119584412,2027-10-03,0.0015676257032030006,
Target A,119584412,2027-10-06,0.0015681705647809855,
Target A,119584412,2027-10-09,0.0015687174705123887,
Target A,119584412,2027-10-11,0.001569083208918897,
Target A,119584412,2027-10-14,0.0015696335168208083,
Target A,119584412,2027-10-17,0.001570185863165808,
Target A,119584412,2027-10-20,0.0015707402458034576,
Target A,119584412,2027-10-22,0.0015711109644380935,
Target A,119584412,2027-10-25,0.0015716687361048173,
Target A,119584412,2027-10-28,0.0015722285383058946,
Target A,119584412,2027-10-31,0.0015727903688731453,
Target A,119584412,2027-11-02,0.001573166048381883,
Target A,119584412,2027-11-05,0.0015737312547283503,
Target A,119584412,2027-11-08,0.0015742984836360368,
Target A,119584412,2027-11-11,0.001574867732919511,
Target A,119584412,2027-11-13,0.0015752483537915028,
Target A,119584412,2027-11-16,0.0015758209654989108,
Target A,119584412,2027-11-19,0.001576395591731802,
Target A,119584412,2027-11-22,0.0015769722302879832,
Target A,119584412,2027-11-24,0.0015773577728599522,
Target A,119584412,2027-11-27,0.0015779377603823512,
Target A,119584412,2027-11-30,0.0015785197543336893,
Target A,119584412,2027-12-03,0.0015791037524954998,
Target A,119584412,2027-12-05,0.0015794941969561255,
Target A,119584412,2027-12-08,0.0015800815305269914,
Target A,119584412,2027-12-11,0.001580670862371234,
Target A,119584412,2027-12-14,0.001581262190254602,
Target A,119584412,2027-12-16,0.0015816575166488927,
Target A,119584412,2027-12-19,0.0015822521662876834,
Target A,119584412,2027-12-22,0.0015828488059870562,
Target A,119584412,2027-12-25,0.0015834474334974595,
Target A,119584412,2027-12-27,0.0015838476217311143,
Target A,119584412,2027-12-30,0.001584449557249808,
Target A,119584412,2028-01-02,0.0015850534745608356,
Target A,119584412,2028-01-05,0.0015856593713998288,
Target A,119584412,2028-01-07,0.0015860644012435845,
Target A,119584412,2028-01-10,0.0015866735922531947,
Target A,119584412,2028-01-13,0.001587284756733209,
Target A,119584412,2028-01-16,0.0015878978924049264,
Target A,119584412,2028-01-18,0.0015883077434988887,
Target A,119584412,2028-01-21,0.0015889241594159553,
Target A,119584412,2028-01-24,0.0015895425404295813,
Target A,119584412,2028-01-27,0.0015901628842472123,
Target A,119584412,2028-01-29,0.0015905775361051695,
Target A,119584412,2028-02-01,0.0015912011461582227,
Target A,119584412,2028-02-04,0.0015918267128838333,
Target A,119584412,2028-02-07,0.0015924542339760717,
Target A,119584412,2028-02-09,0.001592873665989789,
Target A,119584412,2028-02-12,0.0015935044392257841,
Target A,119584412,2028-02-15,0.0015941371606619271,
Target A,119584412,2028-02-18,0.0015947718279793884,
Target A,119584412,2028-02-20,0.0015951960194228816,
Target A,119584412,2028-02-23,0.0015958339247136024,
Target A,119584412,2028-02-26,0.0015964737696853935,
Target A,119584412,2028-02-28,0.0015969014094494144,
Target A,119584412,2028-03-02,0.0015975444820407858,
Target A,119584412,2028-03-05,0.0015981894880892117,
Target A,119584412,2028-03-08,0.0015988364252546943,
Target A,119584412,2028-03-10,0.0015992687883841475,
Target A,119584412,2028-03-13,0.0015999189388693465,
Target A,119584412,2028-03-16,0.0016005710142159865,
Target A,119584412,2028-03-19,0.0016012250120724526,
Target A,119584412,2028-03-21,0.0016016620775417547,
Target A,119584412,2028-03-24,0.0016023192743470848,
Target A,119584412,2028-03-27,0.0016029783873762694,
Target A,119584412,2028-03-30,0.001603639414266543,
Target A,119584412,2028-04-01,0.0016040811609480798,
Target A,119584412,2028-04-04,0.0016047453723482174,
Target A,119584412,2028-04-07,0.0016054114912943526,
Target A,119584412,2028-04-10,0.0016060795154130305,
Target A,119584412,2028-04-12,0.0016065259220813112,
Target A,119584412,2028-04-15,0.0016071971162055288,
Target A,119584412,2028-04-18,0.0016078702091593053,
Target A,119584412,2028-04-21,0.0016085451985589547,
Target A,119584412,2028-04-23,0.0016089962438947374,
Target A,119584412,2028-04-26,0.0016096743887330804,
Target A,119584412,2028-04-29,0.0016103544236476383,
Target A,119584412,2028-05-02,0.0016110363462449495,
Target A,119584412,2028-05-04,0.001611492008839336,
Target A,119584412,2028-05-07,0.0016121770722487534,
Target A,119584412,2028-05-10,0.001612864016945801,
Target A,119584412,2028-05-13,0.0016135528405276929,
Target A,119584412,2028-05-15,0.00161401309888619,
Target A,119584412,2028-05-18,0.0016147050485966182,
Target A,119584412,2028-05-21,0.0016153988707725009,
Target A,119584412,2028-05-24,0.001616094563002176,
Target A,119584412,2028-05-26,0.0016165593955487264,
Target A,119584412,2028-05-29,0.0016172581991691216,
Target A,119584412,2028-06-01,0.0016179588664008413,
Target A,119584412,2028-06-04,0.0016186613948237906,
Target A,119584412,2028-06-06,0.0016191307799047685,
Target A,119584412,2028-06-09,0.0016198364049290878,
Target A,119584412,2028-06-12,0.0016205438846802695,
Target A,119584412,2028-06-15,0.0016212532167302256,
Target A,119584412,2028-06-17,0.0016217271326183953,
Target A,119584412,2028-06-20,0.0016224395464315249,
Target A,119584412,2028-06-23,0.001623153806058329,
Target A,119584412,2028-06-26,0.0016238699090631633,
Target A,119584412,2028-06-28,0.001624348333961604,
Target A,119584412,2028-07-01,0.0016250675038452312,
Target A,119584412,2028-07-04,0.0016257885106022124,
Target A,119584412,2028-07-07,0.0016265113517897772,
Target A,119584412,2028-07-09,0.0016269942638357687,
Target A,119584412,2028-07-12,0.0016277201569741978,
Target A,119584412,2028-07-15,0.0016284478780201036,
Target A,119584412,2028-07-18,0.0016291774245240165,
Target A,119584412,2028-07-20,0.001629664801792887,
Target A,119584412,2028-07-23,0.0016303973852787985,
Target A,119584412,2028-07-26,0.001631131787682312,
Target A,119584412,2028-07-29,0.0016318680065476822,
Target A,119584412,2028-07-31,0.001632359827056615,
Target A,119584412,2028-08-03,0.0016330990678967634,
Target A,119584412,2028-08-06,0.0016338401186421854,
Target A,119584412,2028-08-09,0.0016345829768312783,
Target A,119584412,2028-08-11,0.001635079218543081,
Target A,119584412,2028-08-14,0.0016358250836639317,
Target A,119584412,2028-08-17,0.0016365727496568017,
Target A,119584412,2028-08-20,0.001637322214054643,
Target A,119584412,2028-08-22,0.0016378228548814741,
Target A,119584412,2028-08-25,0.0016385753111347798,
Target A,119584412,2028-08-28,0.0016393295592074329,
Target A,119584412,2028-08-31,0.0016400855966273505,
Target A,119584412,2028-09-02,0.0016405906144344024,
Target A,119584412,2028-09-05,0.0016413496286027146,
Target A,119584412,2028-09-08,0.0016421104255197783,
Target A,119584412,2028-09-11,0.0016428730027088776,
Target A,119584412,2028-09-13,0.0016433823753180196,
Target A,119584412,2028-09-16,0.0016441479141201369,
Target A,119584412,2028-09-19,0.001644915226583959,
Target A,119584412,2028-09-22,0.0016456843102285368,
Target A,119584412,2028-09-24,0.001646198015421912,
Target A,119584412,2028-09-27,0.0016469700455182612,
Target A,119584412,2028-09-30,0.0016477438401742742,
Target A,119584412,2028-10-03,0.0016485193969051634,
Target B,37749396,2025-10-03,0.0009,
Target B,37749396,2025-10-05,0.000900000440533797,
Target B,37749396,2025-10-08,0.0009000027533326938,
Target B,37749396,2025-10-11,0.0009000070485148769,
Target B,37749396,2025-10-13,0.0009000110132802369,
Target B,37749396,2025-10-16,0.0009000186123650247,
Target B,37749396,2025-10-19,0.0009000281937283075,
Target B,37749396,2025-10-22,0.0009000397573067782,
Target B,37749396,2025-10-24,0.0009000485675525622,
Target B,37749396,2025-10-27,0.0009000634346467694,
Target B,37749396,2025-10-30,0.0009000802837233404,
Target B,37749396,2025-11-02,0.0009000991146709722,
Target B,37749396,2025-11-04,0.0009001127696146516,
Target B,37749396,2025-11-07,0.0009001349033978482,
Target B,37749396,2025-11-10,0.0009001590186913517,
Target B,37749396,2025-11-13,0.0009001851153359128,
Target B,37749396,2025-11-15,0.0009002036137649848,
Target B,37749396,2025-11-18,0.0009002330122719377,
Target B,37749396,2025-11-21,0.0009002643916414249,
Target B,37749396,2025-11-24,0.0009002977516663209,
Target B,37749396,2025-11-26,0.000900321091938846,
Target B,37749396,2025-11-29,0.0009003577525603915,
Target B,37749396,2025-12-02,0.0009003963932212698,
Target B,37749396,2025-12-05,0.0009004370136665715,
Target B,37749396,2025-12-07,0.000900465193711902,
Target B,37749396,2025-12-10,0.0009005091131961023,
Target B,37749396,2025-12-13,0.0009005550117213703,
Target B,37749396,2025-12-16,0.0009006028889851251,
Target B,37749396,2025-12-18,0.0009006359063048227,
Target B,37749396,2025-12-21,0.000900687080758407,
Target B,37749396,2025-12-24,0.0009007402330801718,
Target B,37749396,2025-12-27,0.0009007953629199991,
Target B,37749396,2025-12-29,0.000900833214588941,
Target B,37749396,2026-01-01,0.000900891639479028,
Target B,37749396,2026-01-04,0.0009009520408903054,
Target B,37749396,2026-01-07,0.0009010144184252721,
Target B,37749396,2026-01-09,0.0009010571010929438,
Target B,37749396,2026-01-12,0.0009011227712490456,
Target B,37749396,2026-01-15,0.0009011904164058391,
Target B,37749396,2026-01-18,0.0009012600361186159,
Target B,37749396,2026-01-20,0.0009013075460105909,
Target B,37749396,2026-01-23,0.0009013804556268945,
Target B,37749396,2026-01-26,0.0009014553385505529,
Target B,37749396,2026-01-29,0.0009015321942898464,
Target B,37749396,2026-01-31,0.0009015845272094493,
Target B,37749396,2026-02-03,0.0009016646698473747,
Target B,37749396,2026-02-06,0.000901746783927225,
Target B,37749396,2026-02-09,0.0009018308689104855,
Target B,37749396,2026-02-11,0.0009018880202406385,
Target B,37749396,2026-02-14,0.0009019753888316696,
Target B,37749396,2026-02-17,0.0009020647268279223,
Target B,37749396,2026-02-20,0.0009021560336443227,
Target B,37749396,2026-02-22,0.0009022179983495727,
Target B,37749396,2026-02-25,0.0009023125851983597,
Target B,37749396,2026-02-28,0.0009024091392452839,
Target B,37749396,2026-03-03,0.0009025076598589678,
Target B,37749396,2026-03-05,0.0009025744324876923,
Target B,37749396,2026-03-08,0.0009026762292754206,
Target B,37749396,2026-03-11,0.0009027799908847853,
Target B,37749396,2026-03-14,0.0009028857166383814,
Target B,37749396,2026-03-16,0.0009029572913251707,
Target B,37749396,2026-03-19,0.0009030662891131943,
Target B,37749396,2026-03-22,0.0009031772491779734,
Target B,37749396,2026-03-25,0.0009032901707963705,
Target B,37749396,2026-03-27,0.0009033665412645843,
Target B,37749396,2026-03-30,0.0009034827304983192,
Target B,37749396,2026-04-02,0.0009036008792966552,
Target B,37749396,2026-04-05,0.0009037209868910358,
Target B,37749396,2026-04-07,0.0009038021464555314,
Target B,37749396,2026-04-10,0.0009039255169686054,
Target B,37749396,2026-04-13,0.0009040508441680283,
Target B,37749396,2026-04-16,0.0009041781272401575,
Target B,37749396,2026-04-18,0.0009042640688101858,
Target B,37749396,2026-04-21,0.0009043946098288412,
Target B,37749396,2026-04-24,0.000904527104490739,
Target B,37749396,2026-04-27,0.0009046615519375012,
Target B,37749396,2026-04-29,0.0009047522680197705,
Target B,37749396,2026-05-02,0.0009048899681675127,
Target B,37749396,2026-05-05,0.0009050296187518478,
Target B,37749396,2026-05-08,0.0009051712188700308,
Target B,37749396,2026-05-10,0.0009052667015719311,
Target B,37749396,2026-05-13,0.000905411548874423,
Target B,37749396,2026-05-16,0.0009055583432446906,
Target B,37749396,2026-05-18,0.0009056572873954946,
Target B,37749396,2026-05-21,0.0009058073247689975,
Target B,37749396,2026-05-24,0.00090595930665919,
Target B,37749396,2026-05-27,0.0009061132320876137,
Target B,37749396,2026-05-29,0.0009062169282948065,
Target B,37749396,2026-06-01,0.0009063740907471107,
Target B,37749396,2026-06-04,0.0009065331940706077,
Target B,37749396,2026-06-07,0.0009066942372435671,
Target B,37749396,2026-06-09,0.0009068026765431512,
Target B,37749396,2026-06-12,0.0009069669504961988,
Target B,37749396,2026-06-15,0.0009071331615168498,
Target B,37749396,2026-06-18,0.000907301308540534,
Target B,37749396,2026-06-20,0.0009074144815825954,
Target B,37749396,2026-06-23,0.0009075858528807818,
Target B,37749396,2026-06-26,0.000907759157286497,
Target B,37749396,2026-06-29,0.0009079343936927798,
Target B,37749396,2026-07-01,0.0009080522907454377,
Target B,37749396,2026-07-04,0.0009082307446615849,
Target B,37749396,2026-07-07,0.0009084111275703674,
Target B,37749396,2026-07-10,0.0009085934383228976,
Target B,37749396,2026-07-12,0.0009087160492763968,
Target B,37749396,2026-07-15,0.0009089015705179396,
Target B,37749396,2026-07-18,0.0009090890164841288,
Target B,37749396,2026-07-21,0.00090927838598463,
Target B,37749396,2026-07-23,0.0009094057003555716,
Target B,37749396,2026-07-26,0.0009095982730709509,
Target B,37749396,2026-07-29,0.0009097927660916712,
Target B,37749396,2026-08-01,0.000909989178186445,
Target B,37749396,2026-08-03,0.0009101211851221527,
Target B,37749396,2026-08-06,0.0009103207929074095,
Target B,37749396,2026-08-09,0.0009105223164292169,
Target B,37749396,2026-08-12,0.0009107257544158442,
Target B,37749396,2026-08-14,0.0009108624426988604,
Target B,37749396,2026-08-17,0.0009110690686044237,
Target B,37749396,2026-08-20,0.0009112776055301473,
Target B,37749396,2026-08-23,0.0009114880521643796,
Target B,37749396,2026-08-25,0.0009116294102170888,
Target B,37749396,2026-08-28,0.0009118430367547524,
Target B,37749396,2026-08-31,0.0009120585694505204,
Target B,37749396,2026-09-03,0.0009122760069533561,
Target B,37749396,2026-09-05,0.0009124220228427296,
Target B,37749396,2026-09-08,0.0009126426319928105,
Target B,37749396,2026-09-11,0.000912865142295257,
Target B,37749396,2026-09-14,0.0009130895523601967,
Target B,37749396,2026-09-16,0.0009132402138026551,
Target B,37749396,2026-09-19,0.0009134677870213265,
Target B,37749396,2026-09-22,0.0009136972562449714,
Target B,37749396,2026-09-25,0.0009139286200454431,
Target B,37749396,2026-09-27,0.0009140839144118329,
Target B,37749396,2026-09-30,0.0009143184326386259,
Target B,37749396,2026-10-03,0.0009145548415834217,
Target B,37749396,2026-10-06,0.0009147931397803717,
Target B,37749396,2026-10-08,0.0009149530541010495,
Target B,37749396,2026-10-11,0.0009151944977665167,
Target B,37749396,2026-10-14,0.0009154378267255537,
Target B,37749396,2026-10-17,0.0009156830394751955,
Target B,37749396,2026-10-19,0.0009158475604452173,
Target B,37749396,2026-10-22,0.0009160959094787506,
Target B,37749396,2026-10-25,0.0009163461382461169,
Target B,37749396,2026-10-28,0.0009165982452078301,
Target B,37749396,2026-10-30,0.0009167673591922397,
Target B,37749396,2026-11-02,0.0009170225930300359,
Target B,37749396,2026-11-05,0.0009172797009088218,
Target B,37749396,2026-11-08,0.0009175386812531958,
Target B,37749396,2026-11-10,0.0009177123742924085,
Target B,37749396,2026-11-13,0.0009179744718855755,
Target B,37749396,2026-11-16,0.0009182384376960172,
Target B,37749396,2026-11-19,0.0009185042701130316,
Target B,37749396,2026-11-21,0.0009186825279283073,
Target B,37749396,2026-11-24,0.0009189514677511055,
Target B,37749396,2026-11-27,0.0009192222698388603,
Target B,37749396,2026-11-30,0.0009194949325461948,
Target B,37749396,2026-12-02,0.0009196777405451976,
Target B,37749396,2026-12-05,0.0009199535006034056,
Target B,37749396,2026-12-08,0.0009202311168479523,
Target B,37749396,2026-12-11,0.0009205105875994197,
Target B,37749396,2026-12-13,0.0009206979308818573,
Target B,37749396,2026-12-16,0.0009209804887212585,
Target B,37749396,2026-12-19,0.0009212648965444153,
Target B,37749396,2026-12-21,0.0009214555286831408,
Target B,37749396,2026-12-24,0.0009217430160018498,
Target B,37749396,2026-12-27,0.0009220323487168307,
Target B,37749396,2026-12-30,0.0009223235250913822,
Target B,37749396,2027-01-01,0.000922518666068088,
Target B,37749396,2027-01-04,0.0009228129113251929,
Target B,37749396,2027-01-07,0.0009231089955674475,
Target B,37749396,2027-01-10,0.0009234069170258767,
Target B,37749396,2027-01-12,0.000923606551129647,
Target B,37749396,2027-01-15,0.0009239075306604063,
Target B,37749396,2027-01-18,0.0009242103426477369,
Target B,37749396,2027-01-21,0.0009245149852910521,
Target B,37749396,2027-01-23,0.0009247190965246676,
Target B,37749396,2027-01-26,0.0009250267862369068,
Target B,37749396,2027-01-29,0.000925336301762117,
Target B,37749396,2027-02-01,0.0009256476412687676,
Target B,37749396,2027-02-03,0.0009258562133546615,
Target B,37749396,2027-02-06,0.0009261705887377279,
Target B,37749396,2027-02-09,0.0009264867831775992,
Target B,37749396,2027-02-12,0.0009268047948124736,
Target B,37749396,2027-02-14,0.0009270178111987422,
Target B,37749396,2027-02-17,0.0009273388473325368,
Target B,37749396,2027-02-20,0.0009276616956568804,
Target B,37749396,2027-02-23,0.0009279863542803787,
Target B,37749396,2027-02-25,0.0009282037981468403,
Target B,37749396,2027-02-28,0.0009285314697109225,
Target B,37749396,2027-03-03,0.0009288609464917021,
Target B,37749396,2027-03-06,0.0009291922265688758,
Target B,37749396,2027-03-08,0.0009294140808331736,
Target B,37749396,2027-03-11,0.000929748362115929,
Target B,37749396,2027-03-14,0.0009300844415364456,
Target B,37749396,2027-03-17,0.0009304223171461982,
Target B,37749396,2027-03-19,0.0009306485644699425,
Target B,37749396,2027-03-22,0.0009309894293778091,
Target B,37749396,2027-03-25,0.0009313320852419411,
Target B,37749396,2027-03-28,0.0009316765300862823,
Target B,37749396,2027-03-30,0.0009319071528812276,
Target B,37749396,2027-04-02,0.000932254574947972,
Target B,37749396,2027-04-05,0.000932603780689464,
Target B,37749396,2027-04-08,0.0009329547681028106,
Target B,37749396,2027-04-10,0.0009331897485370624,
Target B,37749396,2027-04-13,0.0009335437009330995,
Target B,37749396,2027-04-16,0.000933899429624893,
Target B,37749396,2027-04-19,0.0009342569325834099,
Target B,37749396,2027-04-21,0.0009344962525876574,
Target B,37749396,2027-04-24,0.0009348567081294073,
Target B,37749396,2027-04-27,0.0009352189324930063,
Target B,37749396,2027-04-30,0.00093558292362398,
Target B,37749396,2027-05-02,0.0009358265648977503,
Target B,37749396,2027-05-05,0.0009361934960570248,
Target B,37749396,2027-05-08,0.0009365621884718896,
Target B,37749396,2027-05-11,0.0009369326400631293,
Target B,37749396,2027-05-13,0.0009371805840810568,
Target B,37749396,2027-05-16,0.0009375539629944701,
Target B,37749396,2027-05-19,0.000937929095507433,
Target B,37749396,2027-05-22,0.0009383059795166904,
Target B,37749396,2027-05-24,0.0009385582075348003,
Target B,37749396,2027-05-27,0.0009389380060131964,
Target B,37749396,2027-05-30,0.0009393195503478923,
Target B,37749396,2027-06-02,0.0009397028384122958,
Target B,37749396,2027-06-04,0.0009399593314742947,
Target B,37749396,2027-06-07,0.0009403455210121848,
Target B,37749396,2027-06-10,0.0009407334485784913,
Target B,37749396,2027-06-13,0.000941123112023987,
Target B,37749396,2027-06-15,0.0009413838509675571,
Target B,37749396,2027-06-18,0.0009417764027525624,
Target B,37749396,2027-06-21,0.0009421706846560417,
Target B,37749396,2027-06-24,0.0009425666945068353,
Target B,37749396,2027-06-26,0.0009428316599699291,
Target B,37749396,2027-06-29,0.0009432305448922203,
Target B,37749396,2027-07-02,0.0009436311519435584,
Target B,37749396,2027-07-05,0.0009440334789315519,
Target B,37749396,2027-07-07,0.0009443026513586812,
Target B,37749396,2027-07-10,0.000944707840020412,
Target B,37749396,2027-07-13,0.0009451147427448473,
Target B,37749396,2027-07-16,0.0009455233573190643,
Target B,37749396,2027-07-18,0.0009457967169675826,
Target B,37749396,2027-07-21,0.0009462081796923069,
Target B,37749396,2027-07-24,0.000946621348339044,
Target B,37749396,2027-07-26,0.0009468977407356099,
Target B,37749396,2027-07-29,0.0009473137476214091,
Target B,37749396,2027-08-01,0.0009477314544634808,
Target B,37749396,2027-08-04,0.0009481508590150831,
Target B,37749396,2027-08-06,0.0009484314041096112,
Target B,37749396,2027-08-09,0.0009488536331703744,
Target B,37749396,2027-08-12,0.0009492775539243197,
Target B,37749396,2027-08-15,0.0009497031641060743,
Target B,37749396,2027-08-17,0.0009499878416772996,
Target B,37749396,2027-08-20,0.0009504162625244578,
Target B,37749396,2027-08-23,0.0009508463667343184,
Target B,37749396,2027-08-26,0.0009512781520235696,
Target B,37749396,2027-08-28,0.0009515669416863422,
Target B,37749396,2027-08-31,0.0009520015236876137,
Target B,37749396,2027-09-03,0.0009524377806562521,
Target B,37749396,2027-09-06,0.0009528757102916965,
Target B,37749396,2027-09-08,0.0009531685915031728,
Target B,37749396,2027-09-11,0.0009536093037918391,
Target B,37749396,2027-09-14,0.000954051682590204,
Target B,37749396,2027-09-17,0.0009544957255811426,
Target B,37749396,2027-09-19,0.0009547926776469462,
Target B,37749396,2027-09-22,0.0009552394891310835,
Target B,37749396,2027-09-25,0.0009556879586074268,
Target B,37749396,2027-09-28,0.0009561380837429694,
Target B,37749396,2027-09-30,0.0009564390858233196,
Target B,37749396,2027-10-03,0.0009568919651949795,
Target B,37749396,2027-10-06,0.0009573464939840233,
Target B,37749396,2027-10-09,0.0009578026698422398,
Target B,37749396,2027-10-11,0.0009581077009580439,
Target B,37749396,2027-10-14,0.0009585666167023788,
Target B,37749396,2027-10-17,0.0009590271732344246,
Target B,37749396,2027-10-20,0.0009594893681914389,
Target B,37749396,2027-10-22,0.0009597984072303459,
Target B,37749396,2027-10-25,0.0009602633276346753,
Target B,37749396,2027-10-28,0.0009607298801446535,
Target B,37749396,2027-10-31,0.0009611980623836743,
Target B,37749396,2027-11-02,0.0009615110881060853,
Target B,37749396,2027-11-05,0.0009619819812688975,
Target B,37749396,2027-11-08,0.00096245449780535,
Target B,37749396,2027-11-11,0.0009629286353256363,
Target B,37749396,2027-11-13,0.0009632456263706713,
Target B,37749396,2027-11-16,0.0009637224602105559,
Target B,37749396,2027-11-19,0.0009642009086445498,
Target B,37749396,2027-11-22,0.0009646809692703043,
Target B,37749396,2027-11-24,0.0009650019041617196,
Target B,37749396,2027-11-27,0.000965484646426228,
Target B,37749396,2027-11-30,0.0009659689944601958,
Target B,37749396,2027-12-03,0.0009664549458493834,
Target B,37749396,2027-12-05,0.0009667798030014392,
Target B,37749396,2027-12-08,0.0009672684212758679,
Target B,37749396,2027-12-11,0.0009677586364523684,
Target B,37749396,2027-12-14,0.0009682504461054559,
Target B,37749396,2027-12-16,0.0009685792038287306,
Target B,37749396,2027-12-19,0.0009690736655448233,
Target B,37749396,2027-12-22,0.0009695697152552219,
Target B,37749396,2027-12-25,0.0009700673505238352,
Target B,37749396,2027-12-27,0.0009703999870309835,
Target B,37749396,2027-12-30,0.0009709002594755496,
Target B,37749396,2028-01-02,0.0009714021109686121,
Target B,37749396,2028-01-05,0.0009719055390641065,
Target B,37749396,2028-01-07,0.0009722420324755596,
Target B,37749396,2028-01-10,0.0009727480827990041,
Target B,37749396,2028-01-13,0.0009732557031894027,
Target B,37749396,2028-01-16,0.0009737648911913433,
Target B,37749396,2028-01-18,0.0009741052195409491,
Target B,37749396,2028-01-21,0.000974617014765711,
Target B,37749396,2028-01-24,0.0009751303710424371,
Target B,37749396,2028-01-27,0.0009756452859069864,
Target B,37749396,2028-01-29,0.000975989427147586,
Target B,37749396,2028-02-01,0.0009765069341764824,
Target B,37749396,2028-02-04,0.0009770259932111642,
Target B,37749396,2028-02-07,0.0009775466017793734,
Target B,37749396,2028-02-09,0.0009778945337883143,
Target B,37749396,2028-02-12,0.0009784177194127868,
Target B,37749396,2028-02-15,0.0009789424479679093,
Target B,37749396,2028-02-18,0.000979468716973909,
Target B,37749396,2028-02-20,0.000979820417558491,
Target B,37749396,2028-02-23,0.0009803492484667514,
Target B,37749396,2028-02-26,0.0009808796132037723,
Target B,37749396,2028-02-28,0.0009812340405942878,
Target B,37749396,2028-03-02,0.0009817669561857161,
Target B,37749396,2028-03-05,0.0009823013989707886,
Target B,37749396,2028-03-08,0.0009828373664581545,
Target B,37749396,2028-03-10,0.0009831955239421747,
Target B,37749396,2028-03-13,0.000983734027059182,
Target B,37749396,2028-03-16,0.00098427404822684,
Target B,37749396,2028-03-19,0.000984815584947892,
Target B,37749396,2028-03-21,0.0009851774501688014,
Target B,37749396,2028-03-24,0.000985721507258629,
Target B,37749396,2028-03-27,0.000986267073235224,
Target B,37749396,2028-03-30,0.000986814145595996,
Target B,37749396,2028-04-01,0.0009871796961468133,
Target B,37749396,2028-04-04,0.0009877292735829039,
Target B,37749396,2028-04-07,0.0009882803507230812,
Target B,37749396,2028-04-10,0.0009888329250599878,
Target B,37749396,2028-04-12,0.0009892021384884722,
Target B,37749396,2028-04-15,0.0009897572025781057,
Target B,37749396,2028-04-18,0.0009903137571724112,
Target B,37749396,2028-04-21,0.000990871799759821,
Target B,37749396,2028-04-23,0.000991244653573505,
Target B,37749396,2028-04-26,0.0009918051705653198,
Target B,37749396,2028-04-29,0.000992367168847689,
Target B,37749396,2028-05-02,0.0009929306459053832,
Target B,37749396,2028-05-04,0.0009933071175765272,
Target B,37749396,2028-05-07,0.000993873053667926,
Target B,37749396,2028-05-10,0.000994440461823058,
Target B,37749396,2028-05-13,0.0009950093395235718,
Target B,37749396,2028-05-15,0.0009953894064940406,
Target B,37749396,2028-05-18,0.0009959607278384787,
Target B,37749396,2028-05-21,0.000996533512009092,
Target B,37749396,2028-05-24,0.0009971077564849384,
Target B,37749396,2028-05-26,0.0009974913961709982,
Target B,37749396,2028-05-29,0.0009980680688851514,
Target B,37749396,2028-06-01,0.0009986461951791198,
Target B,37749396,2028-06-04,0.000999225772529892,
Target B,37749396,2028-06-06,0.0009996129623269275,
Target B,37749396,2028-06-09,0.0010001949524977407,
Target B,37749396,2028-06-12,0.0010007783869951075,
Target B,37749396,2028-06-15,0.0010013632632944601,
Target B,37749396,2028-06-17,0.001001753980581611,
Target B,37749396,2028-06-20,0.0010023412542732237,
Target B,37749396,2028-06-23,0.0010029299630330947,
Target B,37749396,2028-06-26,0.0010035201043356035,
Target B,37749396,2028-06-28,0.0010039143264803172,
Target B,37749396,2028-07-01,0.0010045068497408665,
Target B,37749396,2028-07-04,0.0010051007988081792,
Target B,37749396,2028-07-07,0.0010056961711560751,
Target B,37749396,2028-07-09,0.0010060938755185793,
Target B,37749396,2028-07-12,0.0010066916143868785,
Target B,37749396,2028-07-15,0.0010072907697990458,
Target B,37749396,2028-07-18,0.0010078913392288268,
Target B,37749396,2028-07-20,0.001008292503166516,
Target B,37749396,2028-07-23,0.0010088954236786084,
Target B,37749396,2028-07-26,0.0010094997514720383,
Target B,37749396,2028-07-29,0.0010101054840209538,
Target B,37749396,2028-07-31,0.0010105100848926956,
Target B,37749396,2028-08-03,0.001011118153088281,
Target B,37749396,2028-08-06,0.001011727619304771,
Target B,37749396,2028-08-09,0.0010123384810171803,
Target B,37749396,2028-08-11,0.0010127464961875335,
Target B,37749396,2028-08-14,0.0010133596781162716,
Target B,37749396,2028-08-17,0.001013974248809274,
Target B,37749396,2028-08-20,0.0010145902057428792,
Target B,37749396,2028-08-22,0.0010150016125862302,
Target B,37749396,2028-08-25,0.0010156198743139137,
Target B,37749396,2028-08-28,0.0010162395155546757,
Target B,37749396,2028-08-31,0.0010168605337866265,
Target B,37749396,2028-09-02,0.0010172753096912403,
Target B,37749396,2028-09-05,0.0010178986173058422,
Target B,37749396,2028-09-08,0.0010185232951894186,
Target B,37749396,2028-09-11,0.0010191493408222895,
Target B,37749396,2028-09-13,0.001019567463194275,
Target B,37749396,2028-09-16,0.001020195782811868,
Target B,37749396,2028-09-19,0.0010208254634630058,
Target B,37749396,2028-09-22,0.0010214565026306457,
Target B,37749396,2028-09-24,0.0010218779488978362,
Target B,37749396,2028-09-27,0.0010225112466683845,
Target B,37749396,2028-09-30,0.0010231458962472793,
Target B,37749396,2028-10-03,0.0010237818951205342,
Target C,311183180,2025-10-03,0.0012,
Target C,311183180,2025-10-05,0.0012000076281620644,
Target C,311183180,2025-10-08,0.001200047675217384,
Target C,311183180,2025-10-11,0.0012001220447747385,
Target C,311183180,2025-10-13,0.0012001906895067105,
Target C,311183180,2025-10-16,0.0012003222476034603,
Target C,311183180,2025-10-19,0.001200488104654602,
Target C,311183180,2025-10-22,0.0012006882464464794,
Target C,311183180,2025-10-24,0.0012008407130413244,
Target C,311183180,2025-10-27,0.0012010979565333952,
Target C,311183180,2025-10-30,0.0012013894325704488,
Target C,311183180,2025-11-02,0.0012017151162431719,
Target C,311183180,2025-11-04,0.0012019512293220535,
Target C,311183180,2025-11-07,0.0012023338625098139,
Target C,311183180,2025-11-10,0.0012027506227888173,
Target C,311183180,2025-11-13,0.0012032014746966337,
Target C,311183180,2025-11-15,0.0012035209636280502,
Target C,311183180,2025-11-18,0.0012040285483903754,
Target C,311183180,2025-11-21,0.0012045701163477475,
Target C,311183180,2025-11-24,0.0012051456216860947,
Target C,311183180,2025-11-26,0.0012055481221285949,
Target C,311183180,2025-11-29,0.0012061800804160619,
Target C,311183180,2025-12-02,0.0012068458403745525,
Target C,311183180,2025-12-05,0.0012075453460961081,
Target C,311183180,2025-12-07,0.0012080304020576503,
Target C,311183180,2025-12-10,0.0012087860191523378,
Target C,311183180,2025-12-13,0.001209575219782916,
Target C,311183180,2025-12-16,0.001210397938258229,
Target C,311183180,2025-12-18,0.0012109650046452833,
Target C,311183180,2025-12-21,0.0012118434331447319,
Target C,311183180,2025-12-24,0.0012127551916395229,
Target C,311183180,2025-12-27,0.0012137002050149651,
Target C,311183180,2025-12-29,0.0012143486506385756,
Target C,311183180,2026-01-01,0.0012153489151128824,
Target C,311183180,2026-01-04,0.001216382222015982,
Target C,311183180,2026-01-07,0.0012174484872137965,
Target C,311183180,2026-01-09,0.0012181775982146874,
Target C,311183180,2026-01-12,0.0012192986004782858,
Target C,311183180,2026-01-15,0.0012204523251141994,
Target C,311183180,2026-01-18,0.0012216386794126777,
Target C,311183180,2026-01-20,0.001222447663063198,
Target C,311183180,2026-01-23,0.0012236881879967416,
Target C,311183180,2026-01-26,0.0012249610844304276,
Target C,311183180,2026-01-29,0.00122626625155687,
Target C,311183180,2026-01-31,0.0012271542403941898,
Target C,311183180,2026-02-03,0.0012285129622471983,
Target C,311183180,2026-02-06,0.0012299036757053288,
Target C,311183180,2026-02-09,0.0012313262723704541,
Target C,311183180,2026-02-11,0.0012322923286129809,
Target C,311183180,2026-02-14,0.0012337678177145894,
Target C,311183180,2026-02-17,0.0012352748913946983,
Target C,311183180,2026-02-20,0.001236813434194622,
Target C,311183180,2026-02-22,0.0012378565543921319,
Target C,311183180,2026-02-25,0.0012394472841953585,
Target C,311183180,2026-02-28,0.0012410691663880323,
Target C,311183180,2026-03-03,0.001242722078998787,
Target C,311183180,2026-03-05,0.0012438411988662038,
Target C,311183180,2026-03-08,0.001245545553250653,
Target C,311183180,2026-03-11,0.0012472806046997533,
Target C,311183180,2026-03-14,0.001249046225289535,
Target C,311183180,2026-03-16,0.0012502402246746282,
Target C,311183180,2026-03-19,0.0012520565054333196,
Target C,311183180,2026-03-22,0.0012539030068603693,
Target C,311183180,2026-03-25,0.001255779595646147,
Target C,311183180,2026-03-27,0.0012570473035825702,
Target C,311183180,2026-03-30,0.0012589737380205807,
Target C,311183180,2026-04-02,0.0012609298977417278,
Target C,311183180,2026-04-05,0.0012629156446194501,
Target C,311183180,2026-04-07,0.0012642558444184277,
Target C,311183180,2026-04-10,0.001266290592994091,
Target C,311183180,2026-04-13,0.0012683545545614005,
Target C,311183180,2026-04-16,0.0012704475867426083,
Target C,311183180,2026-04-18,0.001271859021079101,
Target C,311183180,2026-04-21,0.0012740001850224888,
Target C,311183180,2026-04-24,0.0012761700348255045,
Target C,311183180,2026-04-27,0.0012783684244175738,
Target C,311183180,2026-04-29,0.0012798498003698021,
Target C,311183180,2026-05-02,0.001282095429217943,
Target C,311183180,2026-05-05,0.0012843692039863795,
Target C,311183180,2026-05-08,0.0012866709754586903,
Target C,311183180,2026-05-10,0.0012882209694633727,
Target C,311183180,2026-05-13,0.0012905690684569895,
Target C,311183180,2026-05-16,0.00129294476261087,
Target C,311183180,2026-05-18,0.0012945438144062033,
Target C,311183180,2026-05-21,0.0012969651627842119,
Target C,311183180,2026-05-24,0.0012994137000765147,
Target C,311183180,2026-05-27,0.0013018892728759027,
Target C,311183180,2026-05-29,0.001303554598473885,
Target C,311183180,2026-06-01,0.0013060748881434012,
Target C,311183180,2026-06-04,0.0013086218017774771,
Target C,311183180,2026-06-07,0.0013111951842300256,
Target C,311183180,2026-06-09,0.0013129254006376968,
Target C,311183180,2026-06-12,0.001315542551973867,
Target C,311183180,2026-06-15,0.0013181857565913537,
Target C,311183180,2026-06-18,0.001320854858082019,
Target C,311183180,2026-06-20,0.0013226485688682002,
Target C,311183180,2026-06-23,0.0013253604835369234,
Target C,311183180,2026-06-26,0.0013280978767867613,
Target C,311183180,2026-06-29,0.0013308605914001386,
Target C,311183180,2026-07-01,0.0013327163908614372,
Target C,311183180,2026-07-04,0.001335520957993822,
Target C,311183180,2026-07-07,0.001338350426615871,
Target C,311183180,2026-07-10,0.001341204639127519,
Target C,311183180,2026-07-12,0.001343121116230613,
Target C,311183180,2026-07-15,0.0013460162182575813,
Target C,311183180,2026-07-18,0.0013489356438216244,
Target C,311183180,2026-07-21,0.0013518792353404304,
Target C,311183180,2026-07-23,0.001353854977429487,
Target C,311183180,2026-07-26,0.0013568384955610381,
Target C,311183180,2026-07-29,0.001359845759847135,
Target C,311183180,2026-08-01,0.0013628766130960902,
Target C,311183180,2026-08-03,0.0013649102093576783,
Target C,311183180,2026-08-06,0.0013679800286964855,
Target C,311183180,2026-08-09,0.0013710730187076836,
Target C,311183180,2026-08-12,0.0013741890229353856,
Target C,311183180,2026-08-14,0.0013762790676164634,
Target C,311183180,2026-08-17,0.0013794330819002164,
Target C,311183180,2026-08-20,0.0013826096945032476,
Target C,311183180,2026-08-23,0.0013858087500229405,
Target C,311183180,2026-08-25,0.0013879538454004364,
Target C,311183180,2026-08-28,0.0013911899613716372,
Target C,311183180,2026-08-31,0.0013944481075653993,
Target C,311183180,2026-09-03,0.0013977281299224025,
Target C,311183180,2026-09-05,0.00139992688902552,
Target C,311183180,2026-09-08,0.0014032430304312584,
Target C,311183180,2026-09-11,0.0014065806392465662,
Target C,311183180,2026-09-14,0.0014099395630185016,
Target C,311183180,2026-09-16,0.0014121906121071896,
Target C,311183180,2026-09-19,0.0014155847233347713,
Target C,311183180,2026-09-22,0.001418999745372081,
Target C,311183180,2026-09-25,0.001422435527609398,
Target C,311183180,2026-09-27,0.0014247375084144036,
Target C,311183180,2026-09-30,0.0014282075577715786,
Target C,311183180,2026-10-03,0.001431697968386132,
Target C,311183180,2026-10-06,0.0014352085917030476,
Target C,311183180,2026-10-08,0.0014375601634346589,
Target C,311183180,2026-10-11,0.0014411041460856075,
Target C,311183180,2026-10-14,0.0014446679482317453,
Target C,311183180,2026-10-17,0.0014482514235598942,
Target C,311183180,2026-10-19,0.0014506512646938544,
Target C,311183180,2026-10-22,0.0014542672052640794,
Target C,311183180,2026-10-25,0.0014579024320123277,
Target C,311183180,2026-10-28,0.0014615568010311712,
Target C,311183180,2026-10-30,0.0014640036108813635,
Target C,311183180,2026-11-02,0.0014676895657461967,
Target C,311183180,2026-11-05,0.0014713942824882101,
Target C,311183180,2026-11-08,0.0014751176197476178,
Target C,311183180,2026-11-10,0.001477610119835966,
Target C,311183180,2026-11-13,0.0014813641791086075,
Target C,311183180,2026-11-16,0.0014851364854661425,
Target C,311183180,2026-11-19,0.0014889269002175626,
Target C,311183180,2026-11-21,0.0014914638354522182,
Target C,311183180,2026-11-24,0.001495284124688072,
Target C,311183180,2026-11-27,0.0014991221561429383,
Target C,311183180,2026-11-30,0.0015029777938962631,
Target C,311183180,2026-12-02,0.0015055579335695524,
Target C,311183180,2026-12-05,0.0015094426152041768,
Target C,311183180,2026-12-08,0.001513344544466585,
Target C,311183180,2026-12-11,0.001517263588290206,
Target C,311183180,2026-12-13,0.0015198857269080452,
Target C,311183180,2026-12-16,0.0015238330014463106,
Target C,311183180,2026-12-19,0.0015277970395792412,
Target C,311183180,2026-12-21,0.0015304489804733013,
Target C,311183180,2026-12-24,0.0015344406691154818,
Target C,311183180,2026-12-27,0.001538448776089576,
Target C,311183180,2026-12-30,0.0015424731734067882,
Target C,311183180,2027-01-01,0.0015451650923065997,
Target C,311183180,2027-01-04,0.0015492163579902372,
Target C,311183180,2027-01-07,0.0015532835767039942,
Target C,311183180,2027-01-10,0.0015573666234590744,
Target C,311183180,2027-01-12,0.0015600973866352556,
Target C,311183180,2027-01-15,0.0015642065379436621,
Target C,311183180,2027-01-18,0.0015683311880203706,
Target C,311183180,2027-01-21,0.001572471214903861,
Target C,311183180,2027-01-23,0.001575239715643826,
Target C,311183180,2027-01-26,0.0015794051017642868,
Target C,311183180,2027-01-29,0.001583585543514659,
Target C,311183180,2027-02-01,0.0015877809219758015,
Target C,311183180,2027-02-03,0.001590586080773161,
Target C,311183180,2027-02-06,0.001594806091744263,
Target C,311183180,2027-02-09,0.0015990407263706712,
Target C,311183180,2027-02-12,0.001603289868779699,
Target C,311183180,2027-02-14,0.0016061306334197115,
Target C,311183180,2027-02-17,0.0016104037002262386,
Target C,311183180,2027-02-20,0.0016146909698786533,
Target C,311183180,2027-02-23,0.0016189923295448678,
Target C,311183180,2027-02-25,0.001621867675095992,
Target C,311183180,2027-02-28,0.0016261922696262912,
Target C,311183180,2027-03-03,0.0016305306573246281,
Target C,311183180,2027-03-06,0.0016348827283847634,
Target C,311183180,2027-03-08,0.0016377916571058571,
Target C,311183180,2027-03-11,0.001642166291985818,
Target C,311183180,2027-03-14,0.001646554321422618,
Target C,311183180,2027-03-17,0.0016509556386131922,
Target C,311183180,2027-03-19,0.0016538971797853746,
Target C,311183180,2027-03-22,0.0016583204081023633,
Target C,311183180,2027-03-25,0.0016627566433389186,
Target C,311183180,2027-03-28,0.0016672057816654712,
Target C,311183180,2027-03-30,0.0016701789913571175,
Target C,311183180,2027-04-02,0.0016746494062863794,
Target C,311183180,2027-04-05,0.0016791324513546018,
Target C,311183180,2027-04-08,0.0016836280256698783,
Target C,311183180,2027-04-10,0.001686631986442667,
Target C,311183180,2027-04-13,0.001691148220787892,
Target C,311183180,2027-04-16,0.0016956767192093886,
Target C,311183180,2027-04-19,0.0017002173837117197,
Target C,311183180,2027-04-21,0.0017032512042751036,
Target C,311183180,2027-04-24,0.0017078119299340248,
Target C,311183180,2027-04-27,0.0017123845641670312,
Target C,311183180,2027-04-30,0.0017169690118293325,
Target C,311183180,2027-05-02,0.0017200318266502633,
Target C,311183180,2027-05-05,0.0017246357540153516,
Target C,311183180,2027-05-08,0.0017292512448393688,
Target C,311183180,2027-05-11,0.001733878206778394,
Target C,311183180,2027-05-13,0.001736969175652604,
Target C,311183180,2027-05-16,0.00174161505295614,
Target C,311183180,2027-05-19,0.0017462721588033454,
Target C,311183180,2027-05-22,0.0017509404035980552,
Target C,311183180,2027-05-24,0.0017540587111886904,
Target C,311183180,2027-05-27,0.0017587453238007292,
Target C,311183180,2027-05-30,0.0017634428400424781,
Target C,311183180,2027-06-02,0.001768151173009643,
Target C,311183180,2027-06-04,0.001771296028358548,
Target C,311183180,2027-06-07,0.0017760221980455766,
Target C,311183180,2027-06-10,0.001780758956241597,
Target C,311183180,2027-06-13,0.0017855062186760452,
Target C,311183180,2027-06-15,0.0017886768546925406,
Target C,311183180,2027-06-18,0.0017934414388439189,
Target C,311183180,2027-06-21,0.0017982163059611152,
Target C,311183180,2027-06-24,0.0018030013743473624,
Target C,311183180,2027-06-26,0.0018061970472789037,
Target C,311183180,2027-06-29,0.001810998938107543,
Target C,311183180,2027-07-02,0.00181581081571468,
Target C,311183180,2027-07-05,0.001820632600916045,
Target C,311183180,2027-07-07,0.0018238525898047397,
Target C,311183180,2027-07-10,0.0018286907135278356,
Target C,311183180,2027-07-13,0.0018335385369717704,
Target C,311183180,2027-07-16,0.0018383959834024778,
Target C,311183180,2027-07-18,0.0018416395895310452,
Target C,311183180,2027-07-21,0.0018465129055361183,
Target C,311183180,2027-07-24,0.0018513956431046674,
Target C,311183180,2027-07-26,0.0018546559989447663,
Target C,311183180,2027-07-29,0.0018595542742202752,
Target C,311183180,2027-08-01,0.0018644617742212166,
Target C,311183180,2027-08-04,0.0018693784262972292,
Target C,311183180,2027-08-06,0.00187266124324154,
Target C,311183180,2027-08-09,0.0018775929890330087,
Target C,311183180,2027-08-12,0.0018825336962203388,
Target C,311183180,2027-08-15,0.0018874832944310426,
Target C,311183180,2027-08-17,0.0018907879315534803,
Target C,311183180,2027-08-20,0.001895752193408494,
Target C,311183180,2027-08-23,0.0019007251615975657,
Target C,311183180,2027-08-26,0.001905706767962798,
Target C,311183180,2027-08-28,0.001909032604470081,
Target C,311183180,2027-08-31,0.0019140284579421804,
Target C,311183180,2027-09-03,0.0019190327707226285,
Target C,311183180,2027-09-06,0.0019240454768051514,
Target C,311183180,2027-09-08,0.0019273919114709262,
Target C,311183180,2027-09-11,0.0019324184612718133,
Target C,311183180,2027-09-14,0.0019374532311611653,
Target C,311183180,2027-09-17,0.0019424961572218633,
Target C,311183180,2027-09-19,0.0019458626078244774,
Target C,311183180,2027-09-22,0.0019509189869822679,
Target C,311183180,2027-09-25,0.0019559833545862576,
Target C,311183180,2027-09-28,0.001961055648746676,
Target C,311183180,2027-09-30,0.001964441551512184,
Target C,311183180,2027-10-03,0.0019695269205380036,
Target C,311183180,2027-10-06,0.0019746200537197967,
Target C,311183180,2027-10-09,0.0019797208911341473,
Target C,311183180,2027-10-11,0.0019831257001859245,
Target C,311183180,2027-10-14,0.001988239246250838,
Target C,311183180,2027-10-17,0.0019933603393110927,
Target C,311183180,2027-10-20,0.001998488921349556,
Target C,311183180,2027-10-22,0.002001912108165697,
Target C,311183180,2027-10-25,0.002007053044289683,
Target C,311183180,2027-10-28,0.002012201317159068,
Target C,311183180,2027-10-31,0.0020173568706039697,
Target C,311183180,2027-11-02,0.0020207979234834776,
Target C,311183180,2027-11-05,0.0020259654877378993,
Target C,311183180,2027-11-08,0.00203114018518347,
Target C,311183180,2027-11-11,0.0020363219614396356,
Target C,311183180,2027-11-13,0.002039780384978255,
Target C,311183180,2027-11-16,0.0020449738397030513,
Target C,311183180,2027-11-19,0.002050174230549635,
Target C,311183180,2027-11-22,0.0020553815048700527,
Target C,311183180,2027-11-24,0.002058856819446447,
Target C,311183180,2027-11-27,0.0020640754504830518,
Target C,311183180,2027-11-30,0.0020693008268506136,
Target C,311183180,2027-12-03,0.0020745328975782956,
Target C,311183180,2027-12-05,0.002078024638851146,
Target C,311183180,2027-12-08,0.002083267754791971,
Target C,311183180,2027-12-11,0.0020885174313497296,
Target C,311183180,2027-12-14,0.0020937736191765123,
Target C,311183180,2027-12-16,0.0020972813375930107,
Target C,311183180,2027-12-19,0.0021025482690481437,
Target C,311183180,2027-12-22,0.0021078215822860594,
Target C,311183180,2027-12-25,0.002113101229528916,
Target C,311183180,2027-12-27,0.0021166244898450023,
Target C,311183180,2027-12-30,0.0021219145887266303,
Target C,311183180,2028-01-02,0.002127210896244737,
Target C,311183180,2028-01-05,0.002132513366140039,
Target C,311183180,2028-01-07,0.0021360517469526576,
Target C,311183180,2028-01-10,0.0021413643857775954,
Target C,311183180,2028-01-13,0.0021466830655935136,
Target C,311183180,2028-01-16,0.002152007741609546,
Target C,311183180,2028-01-18,0.002155560834901112,
Target C,311183180,2028-01-21,0.002160895406111691,
Target C,311183180,2028-01-24,0.002166235855986552,
Target C,311183180,2028-01-27,0.0021715821411544887,
Target C,311183180,2028-01-29,0.0021751495518496783,
Target C,311183180,2028-02-01,0.0021805054671531457,
Target C,311183180,2028-02-04,0.0021858671039360574,
Target C,311183180,2028-02-07,0.0021912344201994918,
Target C,311183180,2028-02-09,0.0021948157657344105,
Target C,311183180,2028-02-12,0.0022001924554609083,
Target C,311183180,2028-02-15,0.002205574714452,
Target C,311183180,2028-02-18,0.00221096250203505,
Target C,311183180,2028-02-20,0.0022145574119387815,
Target C,311183180,2028-02-23,0.0022199543244178785,
Target C,311183180,2028-02-26,0.0022253566587498805,
Target C,311183180,2028-02-28,0.0022289612076452758,
Target C,311183180,2028-03-02,0.0022343724910322935,
Target C,311183180,2028-03-05,0.002239789091987988,
Target C,311183180,2028-03-08,0.0022452109720262456,
Target C,311183180,2028-03-10,0.002248828472687651,
Target C,311183180,2028-03-13,0.002254259066576625,
Target C,311183180,2028-03-16,0.0022596948385406614,
Target C,311183180,2028-03-19,0.0022651357513014184,
Target C,311183180,2028-03-21,0.002268765864210333,
Target C,311183180,2028-03-24,0.0022742152629986836,
Target C,311183180,2028-03-27,0.0022796697047419903,
Target C,311183180,2028-03-30,0.0022851291533287216,
Target C,311183180,2028-04-01,0.002288771549607701,
Target C,311183180,2028-04-04,0.00229423926352977,
Target C,311183180,2028-04-07,0.0022997118895117614,
Target C,311183180,2028-04-10,0.0023051893925693035,
Target C,311183180,2028-04-12,0.0023088437536207193,
Target C,311183180,2028-04-15,0.0023143293082098903,
Target C,311183180,2028-04-18,0.0023198196480453547,
Target C,311183180,2028-04-21,0.0023253147392315356,
Target C,311183180,2028-04-23,0.0023289807563879493,
Target C,311183180,2028-04-26,0.002334483691956128,
Target C,311183180,2028-04-29,0.002339991289899385,
Target C,311183180,2028-05-02,0.00234550351737383,
Target C,311183180,2028-05-04,0.002349180891559769,
Target C,311183180,2028-05-07,0.0023547007626938824,
Target C,311183180,2028-05-10,0.002360225177139863,
Target C,311183180,2028-05-13,0.0023657541030696304,
Target C,311183180,2028-05-15,0.0023694425444745256,
Target C,311183180,2028-05-18,0.002374978919549684,
Target C,311183180,2028-05-21,0.00238051972255157,
Target C,311183180,2028-05-24,0.00238606492263324,
Target C,311183180,2028-05-26,0.0023897641503952795,
Target C,311183180,2028-05-29,0.002395316611104222,
Target C,311183180,2028-06-01,0.0024008733879072645,
Target C,311183180,2028-06-04,0.0024064344509051026,
Target C,311183180,2028-06-06,0.002410144192805739,
Target C,311183180,2028-06-09,0.002415712333704169,
Target C,311183180,2028-06-12,0.0024212846822952903,
Target C,311183180,2028-06-15,0.0024268612095950837,
Target C,311183180,2028-06-17,0.0024305812017639274,
Target C,311183180,2028-06-20,0.0024361646298313388,
Target C,311183180,2028-06-23,0.002441752160504112,
Target C,311183180,2028-06-26,0.002447343765682271,
Target C,311183180,2028-06-28,0.0024510737523121013,
Target C,311183180,2028-07-01,0.0024566720865276835,
Target C,311183180,2028-07-04,0.0024622744214622765,
Target C,311183180,2028-07-07,0.0024678807298697883,
Target C,311183180,2028-07-09,0.0024716204629414013,
Target C,311183180,2028-07-12,0.0024772333338746065,
Target C,311183180,2028-07-15,0.0024828501067322758,
Target C,311183180,2028-07-18,0.0024884707550930944,
Target C,311183180,2028-07-20,0.0024922199941097103,
Target C,311183180,2028-07-23,0.0024978470435250647,
Target C,311183180,2028-07-26,0.002503477899056781,
Target C,311183180,2028-07-29,0.0025091125350802323,
Target C,311183180,2028-07-31,0.0025128710468111846,
Target C,311183180,2028-08-03,0.002518511927286927,
Target C,311183180,2028-08-06,0.0025241565209557096,
Target C,311183180,2028-08-09,0.002529804802962493,
Target C,311183180,2028-08-11,0.00253357236119592,
Target C,311183180,2028-08-14,0.0025392267357560476,
Target C,311183180,2028-08-17,0.002544884733372595,
Target C,311183180,2028-08-20,0.00255054632993397,
Target C,311183180,2028-08-22,0.0025543227152382284,
Target C,311183180,2028-08-25,0.002559990256997536,
Target C,311183180,2028-08-28,0.0025656613343687383,
Target C,311183180,2028-08-31,0.002571335923958475,
Target C,311183180,2028-09-02,0.002575120923452007,
Target C,311183180,2028-09-05,0.0025808013152737084,
Target C,311183180,2028-09-08,0.0025864851578636283,
Target C,311183180,2028-09-11,0.0025921724285223233,
Target C,311183180,2028-09-13,0.002595965835651701,
Target C,311183180,2028-09-16,0.0026016587698172284,
Target C,311183180,2028-09-19,0.0026073550724201528,
Target C,311183180,2028-09-22,0.0026130547214314997,
Target C,311183180,2028-09-24,0.0026168563357573814,
Target C,311183180,2028-09-27,0.00262256151364796,
Target C,311183180,2028-09-30,0.0026282699800731194,
Target C,311183180,2028-10-03,0.0026339817136517446,
